iteration,split,loss,lr
0,train,9.320571899414062,0.0
0,val,9.313680458068848,0.0
10,train,9.280593872070312,1e-05
